연월,지점 번호,평균 기온(°C),최저 기온(°C),최저 기온 시각(hhmm),최고 기온(°C),최고 기온 시각(hhmm),10분 최다강수량(mm),10분 최다강수 시각(hhmm),1시간 최다강수(mm),1시간 최다강수 시각(hhmm),강수 계속시간(hr),일강수량(mm),최대 순간풍속(m/s),최대 순간 풍속 풍향(16방위),최대 순간풍속 시각(hhmm),최대 풍속(m/s),최대 풍속 풍향(16방위),최대 풍속 시각(hhmm),평균 풍속(m/s),풍정합(100m),최다 풍향(16방위),평균 이슬점온도(°C),최소 상대습도(%),평균 상대습도 시각(hhmm),평균 상대습도(%),평균 증기압(hPa),평균 현지기압(hPa),최고 해면기압(hPa),최고 해면기압 시각(hhmm),최저 해면기압(hPa),최저 해면기압 시각(hhmm),평균 해면기압(hPa),가조시간(hr),합계 일조 시간(hr),1시간 최다 일사 시각(hhmm),1시간 최다 일사량(MJ/m2),합계 일사량(MJ/m2),일 최심신적설(cm),일 최심신적설 시각(hhmm),일 최심적설(cm),일 최심적설 시각(hhmm),합계 3시간 신적설(cm),평균 전운량(10분위),평균 중하층운량(10분위),평균 지면온도(°C),최저 초상온도(°C),5cm 지중온도(°C),10cm 지중온도(°C),20cm 지중온도(°C),30cm 지중온도(°C),0.5m 지중온도(°C),1.0m 지중온도(°C),1.5m 지중온도(°C),3.0m 지중온도(°C),5.0m 지중온도(°C),합계 대형증발량(mm),합계 소형증발량(mm),9-9강수(mm),안개 계속 시간(hr)
2013-01,108.0,-3.4,-6.6,929.3,0.3,1316.2,,,,,5.8,2.2,8.0,215.5,1317.3,5.2,212.3,1381.8,2.7,2308.9,198.1,-11.1,38.5,1343.5,57.1,3.0,1015.3,1028.9,1198.8,1023.9,1152.0,1026.4,9.9,5.4,1232.3,1.3,7.0,1.5,1295.0,5.5,236.3,1.5,4.3,2.8,-2.0,-9.4,-2.0,-1.3,-0.5,-0.0,1.2,4.4,6.5,13.5,16.6,,1.6,3.3,
2013-02,108.0,-1.2,-4.9,1224.4,2.8,1226.8,,,,,4.4,5.7,9.0,241.1,1250.5,5.7,244.6,1269.6,2.9,2494.4,220.4,-10.3,30.3,1376.1,53.6,3.2,1014.2,1028.6,1127.8,1022.0,1192.5,1025.1,10.8,6.7,1214.3,1.8,10.6,3.6,1052.1,9.6,420.6,3.6,4.7,2.8,0.4,-7.0,-0.0,-0.3,-0.1,0.1,1.1,3.1,4.6,11.3,15.2,,1.7,5.3,0.2
2013-03,108.0,5.1,0.7,877.1,10.8,1262.6,,,,,3.8,3.4,9.5,250.0,1245.1,6.1,250.0,1386.4,3.0,2622.5,226.8,-5.7,25.3,1348.1,49.2,4.3,1007.3,1021.7,1225.6,1014.0,1248.4,1017.9,12.0,8.3,1229.0,2.2,14.3,,,,,,3.3,2.1,7.0,-2.7,6.0,5.7,5.5,5.5,5.1,5.4,5.9,10.1,13.9,,3.1,3.5,
2013-04,108.0,10.0,5.7,1057.4,15.0,1183.2,0.8,1049.8,1.9,902.4,6.2,4.8,11.2,235.7,1407.1,6.9,238.0,1418.5,3.4,2954.9,198.7,-0.1,28.4,1216.9,54.0,6.5,1002.6,1016.4,1234.6,1009.8,1308.6,1012.9,13.2,7.1,1230.0,2.2,15.0,,,,,,5.0,3.4,11.5,2.8,11.1,10.6,10.5,10.3,10.1,9.3,9.1,10.3,13.0,2.6,3.7,4.0,
2013-05,108.0,18.2,13.7,747.1,23.6,1377.9,1.1,1256.0,3.4,1215.4,6.9,12.0,8.6,211.9,1481.4,5.9,213.9,1631.9,2.9,2509.5,225.5,8.6,35.9,1372.6,57.8,11.6,1001.5,1014.1,1194.6,1009.1,1351.1,1011.5,14.2,7.7,1212.9,2.3,16.6,,,,,,4.7,2.9,20.2,10.5,19.9,19.0,18.5,17.9,17.3,14.9,13.5,11.6,12.8,3.2,4.6,11.0,
2013-06,108.0,24.4,20.5,713.8,29.2,1443.3,0.4,673.2,1.0,1366.4,5.4,2.8,7.7,243.0,1491.2,4.9,251.0,1566.8,2.2,1927.6,213.0,15.4,39.7,1325.2,60.1,17.8,998.0,1009.6,1126.1,1005.6,1343.0,1007.7,14.7,7.5,1173.3,2.3,16.9,,,,,,5.4,3.3,28.2,17.3,27.0,26.1,25.4,24.6,23.4,20.5,18.5,13.9,13.2,3.6,5.3,2.8,
2013-07,108.0,25.5,23.4,906.8,28.3,1361.3,4.6,1015.7,11.3,947.6,7.5,26.0,10.6,232.6,1234.4,6.8,228.4,1426.0,3.4,2898.6,220.6,21.4,63.5,1293.0,79.3,25.6,995.3,1007.1,1318.2,1003.3,1296.4,1005.0,14.5,3.3,1258.1,1.4,8.7,,,,,,8.5,6.5,26.4,22.4,26.4,25.9,25.7,25.4,25.5,23.9,22.7,18.4,15.0,2.1,2.8,29.4,2.2
2013-08,108.0,27.7,24.8,730.5,31.1,1432.9,3.7,1080.6,8.0,1036.4,2.4,9.9,8.7,241.6,1438.6,5.6,244.2,1538.9,2.8,2393.1,199.4,21.1,48.9,1324.2,69.3,25.4,996.8,1008.3,1089.6,1004.7,1268.3,1006.5,13.6,7.0,1309.7,2.1,13.6,,,,,,6.2,5.1,29.5,22.5,28.7,28.1,28.0,27.7,27.9,26.1,24.7,19.9,16.5,3.1,4.4,8.3,
2013-09,108.0,21.8,18.0,986.8,25.9,1464.8,1.3,1035.6,3.9,1057.9,6.4,11.5,7.6,188.0,1456.8,4.6,197.3,1491.4,2.2,1933.7,154.7,13.6,43.0,1310.5,62.9,16.2,1005.0,1016.8,1183.3,1013.1,1073.3,1014.9,12.4,6.4,1226.7,1.9,12.3,,,,,,5.5,3.2,24.1,14.8,23.2,23.1,23.5,23.9,24.0,24.4,24.2,21.1,17.6,2.5,3.6,11.5,
2013-10,108.0,15.8,10.9,896.2,21.2,1301.1,1.2,1005.0,1.8,957.5,5.6,2.7,8.0,166.1,1215.9,4.8,207.1,1371.7,2.5,2137.1,128.1,7.0,36.2,1385.7,58.4,10.6,1010.0,1022.4,1139.1,1018.0,1318.9,1020.2,11.2,8.1,1171.0,1.9,12.0,,,,,,2.9,1.8,16.4,6.6,16.2,16.5,17.3,18.3,18.9,20.8,21.6,20.8,18.4,1.9,3.1,1.7,
2013-11,108.0,6.2,2.1,1008.1,10.7,1246.5,,,,,3.2,2.8,9.3,229.3,1291.6,5.7,222.0,1332.4,2.7,2368.7,180.7,-2.1,37.1,1330.5,58.2,5.9,1009.6,1023.2,1115.9,1016.8,1178.6,1020.2,10.2,6.3,1200.0,1.4,7.8,,,,,,3.9,2.7,5.8,-1.5,6.7,7.2,8.3,10.0,11.2,15.0,17.0,19.4,18.4,,2.0,3.1,2.1
2013-12,108.0,-0.2,-3.5,1166.1,3.5,1306.1,,,,,3.7,1.9,8.2,245.5,1346.9,5.2,242.3,1423.6,2.4,2064.3,180.6,-7.3,39.7,1309.2,60.2,3.8,1011.3,1024.7,1107.3,1019.6,1006.7,1022.2,9.6,5.9,1187.1,1.3,6.5,1.6,1121.2,2.9,393.7,1.7,4.0,3.2,0.4,-7.1,1.2,1.6,2.5,4.0,5.0,8.8,11.6,17.0,17.8,,1.3,2.1,1.0
2014-01,108.0,-0.7,-4.9,1038.7,3.5,1361.1,,,,,3.3,1.2,7.8,258.1,1436.6,4.9,259.7,1486.0,2.4,2095.0,200.0,-10.7,29.5,1372.8,50.1,3.1,1014.3,1028.2,1191.1,1022.5,1315.7,1025.2,9.9,5.9,1232.3,1.3,7.3,3.0,1237.5,4.4,495.6,4.0,3.4,2.6,-0.9,-8.1,-0.7,-0.6,0.1,1.2,2.1,5.1,7.9,14.3,16.8,,1.5,1.2,1.8
2014-02,108.0,1.9,-1.8,900.6,6.6,1462.7,,,,,7.0,2.3,8.1,182.5,1402.2,5.2,199.3,1354.9,2.7,2330.1,161.5,-7.7,32.8,1366.8,52.0,3.8,1014.4,1027.6,1141.6,1022.8,1236.1,1025.3,10.8,5.9,1192.9,1.7,9.6,2.2,1620.0,5.2,835.3,2.2,4.0,1.9,2.1,-4.8,1.8,1.6,2.0,2.4,2.6,4.1,6.4,12.2,15.5,,1.9,2.7,6.2
2014-03,108.0,7.9,3.5,950.6,13.1,1431.1,,,,,2.7,0.6,10.2,217.7,1416.3,6.4,224.2,1432.0,3.0,2618.3,229.7,-0.2,33.0,1378.4,59.8,6.7,1009.1,1022.9,1329.0,1016.8,1200.7,1019.6,12.0,6.9,1174.2,2.0,12.6,1.9,605.0,1.9,605.0,2.1,3.9,2.4,9.4,0.2,8.2,7.9,7.8,7.6,7.7,7.4,7.9,11.3,14.3,,3.1,0.6,
2014-04,108.0,14.0,9.4,719.0,19.6,1443.6,0.7,958.2,2.1,1006.4,9.2,4.4,9.4,227.7,1519.8,6.1,223.0,1550.4,2.8,2435.3,197.3,5.1,36.0,1306.6,59.9,9.2,1006.8,1019.2,939.4,1014.7,1459.3,1017.0,13.2,7.1,1200.0,2.3,15.2,,,,,,4.7,2.5,17.9,5.7,15.8,15.2,14.8,14.1,13.5,12.4,11.8,11.6,13.7,2.6,3.3,3.9,1.4
2014-05,108.0,18.9,13.8,926.0,25.3,1452.7,1.3,1111.4,3.1,1056.0,4.5,7.0,10.5,238.1,1462.2,6.8,243.2,1559.4,3.2,2774.5,234.8,9.8,32.8,1411.9,59.1,12.6,1000.5,1013.5,1329.5,1007.6,1036.3,1010.4,14.2,9.8,1196.8,2.7,20.3,,,,,,3.2,1.6,23.3,10.3,21.6,20.6,20.0,19.0,18.1,16.5,15.7,13.0,13.6,3.8,4.7,9.0,
2014-06,108.0,23.1,19.7,706.4,27.8,1397.7,2.2,1626.8,3.5,1587.0,4.6,7.0,8.7,216.7,1449.9,5.6,232.3,1566.3,2.6,2254.1,187.3,17.5,49.1,1354.7,72.8,20.0,996.4,1007.8,962.1,1004.4,1506.3,1006.2,14.7,6.2,1203.3,2.3,15.5,,,,,,6.7,4.5,25.9,17.4,25.2,24.4,24.0,23.0,22.7,21.0,19.9,15.0,14.0,3.0,3.7,7.5,
2014-07,108.0,26.1,22.9,789.7,30.6,1459.3,4.3,967.0,8.8,1009.1,7.0,17.3,8.9,219.4,1495.6,5.6,235.8,1539.6,2.8,2382.2,204.8,20.7,50.6,1450.6,74.2,24.6,997.2,1009.0,1161.3,1004.7,1302.7,1006.9,14.5,5.6,1310.0,2.2,14.8,,,,,,6.8,5.1,29.2,20.7,28.1,27.3,26.8,25.3,25.4,23.9,22.7,17.1,15.0,3.1,3.7,16.0,
2014-08,108.0,25.2,22.1,896.2,29.0,1308.4,1.8,1088.1,5.0,1144.9,6.2,8.6,8.1,147.4,1420.8,4.9,175.8,1356.2,2.4,2116.5,117.4,20.4,57.2,1368.1,77.2,24.2,998.3,1009.9,1260.9,1006.1,1163.9,1008.0,13.6,4.9,1171.0,1.8,11.4,,,,,,7.1,4.6,26.6,20.0,26.2,25.8,25.8,24.7,25.9,24.9,23.8,19.5,16.5,2.3,2.8,8.6,
2014-09,108.0,22.1,18.0,832.0,27.0,1418.4,1.0,1555.7,2.8,1404.7,6.2,9.8,7.4,163.3,1426.3,4.5,219.7,1451.3,2.1,1792.6,130.3,15.3,44.9,1326.7,68.5,17.8,1003.3,1015.2,1147.4,1011.2,1340.3,1013.2,12.4,7.1,1216.7,2.0,13.0,,,,,,4.9,2.9,24.9,13.9,23.8,23.7,23.9,23.1,24.2,24.0,23.6,20.4,17.4,2.3,3.0,8.8,
2014-10,108.0,15.6,10.7,946.2,21.4,1330.3,1.1,1000.4,2.8,1158.8,7.2,8.7,8.3,197.7,1384.3,5.0,191.9,1355.2,2.4,2102.5,106.8,7.8,38.7,1448.9,63.2,11.1,1009.5,1022.2,1099.0,1017.4,1296.5,1019.7,11.2,7.7,1161.3,1.9,11.7,,,,,,3.3,2.4,16.8,5.6,16.0,16.5,17.3,17.4,19.2,20.4,21.1,20.2,18.1,1.9,2.6,5.8,
2014-11,108.0,9.0,4.9,935.0,13.8,1324.7,,,,,4.2,4.2,8.4,223.0,1341.4,5.1,222.3,1393.4,2.5,2131.4,155.7,1.1,40.1,1362.1,60.9,7.1,1011.0,1024.4,1151.0,1019.1,1180.8,1021.5,10.2,6.5,1203.3,1.5,8.3,,,,,,4.3,2.9,8.5,-0.8,8.6,9.1,10.0,10.5,12.9,15.0,16.5,19.0,18.2,,1.5,3.8,4.2
2014-12,108.0,-2.9,-6.7,1050.1,1.5,1287.5,,,,,3.1,1.1,9.4,226.5,1279.1,5.7,223.2,1241.9,2.8,2461.2,204.5,-10.9,36.7,1312.2,56.3,2.9,1013.5,1027.9,1353.3,1021.2,1188.6,1024.5,9.6,6.3,1177.4,1.4,7.4,1.0,1260.0,1.6,637.9,1.1,3.4,1.7,-1.3,-10.7,-1.1,-0.3,1.1,2.2,5.4,8.6,11.0,16.8,17.7,,1.1,1.4,1.6
2015-01,108.0,-0.9,-4.8,1002.4,3.6,1355.3,,,,,4.4,1.4,8.1,220.6,1333.6,5.2,227.4,1332.7,2.6,2287.7,196.1,-9.0,37.6,1337.7,56.4,3.4,1013.8,1027.7,1297.5,1021.5,1108.3,1024.7,9.9,6.2,1225.8,1.4,7.9,2.6,1134.5,3.4,741.0,2.6,3.9,1.9,-0.4,-9.0,-0.8,-0.7,-0.1,0.3,2.7,5.0,7.1,14.2,16.8,,1.1,2.3,2.2
2015-02,108.0,1.0,-2.9,1006.2,6.0,1186.8,,,,,7.4,2.8,9.1,232.5,1376.5,5.7,230.4,1400.6,2.9,2477.4,201.1,-6.8,34.9,1298.6,58.9,4.1,1011.4,1025.2,1182.5,1019.4,1278.0,1022.2,10.8,6.4,1225.0,1.6,9.5,0.3,1800.0,0.2,900.5,0.3,4.4,2.0,2.0,-6.8,1.1,0.9,1.2,1.3,2.6,4.2,5.8,12.2,15.5,,1.5,2.5,6.4
2015-03,108.0,6.3,1.0,872.0,12.4,1404.7,,,,,4.8,1.6,10.1,251.0,1475.6,6.4,256.5,1547.7,3.1,2664.0,232.3,-6.0,22.4,1240.5,45.2,4.4,1010.7,1024.3,1031.8,1018.5,1400.5,1021.3,12.0,8.7,1209.7,2.2,14.8,,,,,,2.8,1.0,7.8,-4.5,6.5,6.4,6.4,5.9,6.7,6.7,7.2,11.1,14.4,,2.8,2.0,
2015-04,108.0,13.3,8.4,932.9,18.8,1249.2,1.1,834.3,2.3,861.1,6.3,5.0,10.5,188.3,1303.7,6.5,189.3,1316.6,3.1,2695.7,149.3,2.9,32.2,1253.2,54.4,8.0,1005.5,1019.0,1268.0,1012.8,1243.8,1015.8,13.2,7.2,1200.0,2.2,15.0,,,,,,5.0,2.8,14.9,4.7,14.0,13.4,13.2,12.2,12.4,11.4,11.0,11.4,13.7,2.6,3.5,6.0,
2015-05,108.0,18.9,13.6,689.9,24.9,1460.1,0.8,1176.0,2.0,1143.7,6.9,4.1,9.6,255.5,1365.4,6.2,243.5,1467.0,3.0,2544.7,231.3,7.5,30.4,1325.2,52.8,11.0,999.4,1011.8,1190.9,1007.0,1417.3,1009.4,14.2,9.4,1183.9,2.5,19.5,,,,,,4.1,2.0,23.8,9.7,22.0,20.9,20.3,18.9,18.1,16.4,15.4,12.8,13.6,3.7,4.8,3.6,
2015-06,108.0,23.6,18.9,794.2,29.5,1356.9,2.6,1089.7,5.6,1045.5,5.3,8.2,9.5,216.0,1489.1,5.8,225.7,1439.7,2.5,2203.9,204.0,14.4,35.4,1334.2,59.8,16.8,996.9,1009.3,1026.2,1004.4,1278.4,1006.7,14.7,8.6,1196.6,2.4,18.3,,,,,,5.6,3.1,27.3,16.2,26.1,25.1,24.6,23.2,23.2,20.8,19.5,14.8,14.0,3.6,4.8,8.3,
2015-07,108.0,25.8,22.6,675.2,30.0,1400.0,2.2,672.2,5.2,770.2,7.9,14.1,9.0,180.3,1391.7,5.6,195.2,1338.6,2.8,2454.1,168.1,19.6,50.4,1262.5,71.2,23.4,996.8,1008.7,1357.7,1004.4,1223.2,1006.5,14.5,5.7,1190.3,2.1,13.8,,,,,,7.0,4.6,27.9,20.8,27.3,26.6,26.3,25.1,25.3,23.4,22.3,17.1,14.9,2.6,3.3,13.3,
2015-08,108.0,26.3,22.8,769.3,30.8,1416.2,2.0,1022.5,3.3,1168.3,2.7,4.3,8.7,212.6,1450.4,5.3,238.1,1470.3,2.4,2074.5,141.3,19.9,46.0,1369.2,69.8,23.5,998.5,1009.9,1083.9,1006.6,1362.2,1008.2,13.6,6.7,1183.9,2.1,14.1,,,,,,5.6,3.6,28.0,20.1,27.0,26.7,26.6,25.6,26.2,24.8,23.6,18.7,15.6,2.6,3.4,4.1,
2015-09,108.0,22.4,17.5,732.9,28.1,1388.2,2.8,1154.5,4.4,1094.2,3.4,5.2,8.3,188.7,1451.1,4.8,190.0,1440.3,2.3,1998.0,126.0,12.4,34.4,1413.4,56.2,14.8,1004.1,1016.1,1117.8,1011.8,1357.1,1014.0,12.4,8.7,1170.0,2.3,15.3,,,,,,3.8,2.2,25.1,13.2,23.8,23.8,24.0,23.3,23.9,23.6,23.2,19.8,16.8,3.1,3.8,3.8,
2015-10,108.0,15.5,10.8,855.9,21.2,1403.4,2.4,1047.6,5.4,1182.0,4.2,11.6,8.7,257.1,1455.8,5.3,252.6,1435.6,2.3,2006.9,192.9,7.1,33.3,1419.8,60.4,10.8,1008.2,1021.2,1177.5,1015.8,1158.0,1018.4,11.3,7.7,1216.1,1.9,11.6,,,,,,2.8,1.8,16.3,6.0,16.0,16.6,17.6,17.6,19.0,20.5,21.1,19.9,17.5,2.0,2.7,11.6,
2015-11,108.0,8.9,5.9,986.7,12.7,1360.6,,,,,11.1,7.0,8.0,179.0,1271.8,5.0,168.3,1293.6,2.7,2298.6,152.7,4.0,53.8,1267.1,73.3,8.6,1012.9,1026.1,1255.9,1020.9,1123.9,1023.4,10.2,3.6,1156.7,1.1,5.9,,,,,,6.6,4.4,9.5,3.0,9.4,10.0,11.1,11.4,12.9,15.4,17.0,18.8,17.8,,0.9,6.9,
2015-12,108.0,1.6,-2.1,1266.3,6.0,1415.0,,,,,5.6,2.6,7.7,162.3,1223.2,4.7,173.9,1202.5,2.3,2025.8,151.9,-5.9,38.7,1173.7,59.9,4.3,1014.8,1028.7,1283.1,1022.8,1232.9,1025.6,9.6,5.7,1200.0,1.2,6.7,2.5,1190.0,2.6,1190.0,2.5,4.1,2.7,2.2,-5.4,2.2,2.9,4.3,4.8,6.3,9.7,12.2,16.8,17.6,,1.0,1.9,
2016-01,108.0,-3.2,-6.8,913.6,1.1,1372.4,,,,,4.0,0.2,8.0,251.3,1483.9,4.9,243.9,1540.6,2.5,2138.4,208.7,-12.0,33.1,1354.9,53.0,2.8,1014.5,1027.9,1122.3,1023.2,1252.4,1025.5,9.9,6.3,1183.9,1.4,8.0,0.4,1227.5,0.4,596.4,0.4,4.0,2.6,-1.4,-10.3,-1.5,-0.6,0.7,1.3,2.8,6.0,8.5,14.4,16.6,,1.3,0.1,
2016-02,108.0,0.2,-4.1,981.8,5.1,1390.2,,,,,5.9,4.0,9.6,275.5,1355.4,5.6,287.6,1294.6,2.8,2374.2,271.0,-9.4,30.7,1420.5,52.1,3.5,1013.3,1027.3,1017.9,1021.0,1196.6,1024.2,10.8,6.7,1200.0,1.6,9.9,2.2,983.3,2.7,737.8,2.2,3.7,2.3,1.1,-7.9,0.7,0.6,1.2,1.3,1.9,4.0,6.2,12.3,15.4,,1.6,4.8,0.8
2016-03,108.0,7.0,2.4,676.6,12.6,1370.3,,,,,3.0,6.8,8.5,294.8,1535.5,5.1,297.1,1429.0,2.4,2112.8,260.6,-3.5,28.2,1387.1,51.0,5.2,1010.9,1023.8,884.3,1019.2,1384.4,1021.5,12.0,8.2,1225.8,2.1,14.0,,,,,,3.6,1.9,9.1,-1.5,7.7,7.5,7.4,6.9,6.9,6.8,7.4,10.9,14.1,,2.7,6.8,3.0
2016-04,108.0,14.1,9.0,903.1,20.3,1449.0,0.8,1035.6,2.5,1075.9,5.8,7.0,9.1,246.7,1493.5,5.4,267.7,1542.9,2.4,2082.9,241.0,3.6,30.5,1311.9,54.8,8.3,1003.2,1016.9,1214.4,1009.6,1349.2,1013.3,13.2,7.3,1196.7,2.3,15.3,,,,,,4.8,2.6,17.0,5.3,15.5,14.8,14.5,13.5,13.3,11.8,11.2,11.2,13.3,2.3,3.2,7.0,1.0
2016-05,108.0,19.6,14.1,830.2,25.7,1304.3,1.6,975.7,4.4,739.9,7.5,14.6,9.1,250.3,1575.5,5.1,253.2,1511.9,2.4,2049.0,221.3,9.1,31.2,1313.6,56.2,12.0,1001.3,1014.4,967.1,1008.2,1302.7,1011.3,14.2,9.0,1193.5,2.6,19.2,,,,,,4.6,2.5,23.2,10.8,21.2,20.4,19.9,18.6,18.7,16.7,15.4,12.7,13.1,3.1,4.2,14.6,
2016-06,108.0,23.6,19.5,675.6,28.7,1461.1,1.9,810.2,3.1,334.6,3.6,4.5,8.0,243.7,1532.6,4.9,255.3,1615.8,2.1,1846.4,214.7,15.4,41.1,1385.4,62.9,17.9,997.6,1009.4,1044.0,1005.5,1376.1,1007.4,14.7,7.7,1206.7,2.4,16.9,,,,,,5.2,3.3,28.2,16.5,25.6,24.9,24.4,23.0,23.2,20.9,19.3,14.8,13.6,3.3,4.4,4.2,
2016-07,108.0,26.2,23.3,661.4,29.8,1424.3,2.8,1016.2,7.4,809.1,5.8,17.1,7.7,181.9,1294.0,4.4,195.5,1255.5,2.1,1856.0,187.4,20.6,54.1,1289.7,72.9,24.4,997.8,1009.4,1111.7,1005.5,1175.4,1007.5,14.5,5.2,1206.5,1.9,13.0,,,,,,7.2,4.4,28.3,21.2,26.9,26.4,26.1,24.7,25.2,23.5,22.2,17.4,14.8,3.0,4.3,19.9,
2016-08,108.0,28.0,24.5,836.3,32.6,1473.3,0.9,1517.8,2.3,1429.6,2.9,4.2,8.1,263.5,1572.0,4.6,253.5,1572.5,2.1,1778.9,175.5,20.0,41.7,1386.0,63.9,24.0,996.0,1007.5,913.7,1003.8,1495.8,1005.6,13.6,7.6,1151.6,2.2,15.1,,,,,,4.6,3.3,31.9,22.3,29.2,28.7,28.4,27.1,27.7,26.0,24.5,19.2,16.0,3.8,5.4,4.8,
2016-09,108.0,23.1,19.3,741.1,27.9,1429.3,1.3,699.3,2.7,673.1,4.7,4.7,7.5,190.7,1224.5,4.2,186.0,1378.8,2.0,1691.3,121.7,15.5,43.6,1408.8,64.5,18.0,1003.3,1015.0,1261.9,1011.4,1207.7,1013.2,12.4,6.4,1223.3,2.0,12.4,,,,,,5.8,3.1,24.9,17.1,23.9,23.8,23.8,23.3,24.4,24.3,23.9,20.4,17.2,3.0,4.3,4.7,
2016-10,108.0,16.1,11.6,1066.1,21.3,1424.0,0.8,1027.7,2.4,1093.1,6.9,7.5,7.7,187.1,1191.9,4.3,194.5,1209.5,2.1,1833.4,150.6,8.2,40.5,1321.3,62.2,11.7,1009.0,1022.1,1429.1,1016.4,1191.0,1019.2,11.2,6.3,1183.9,1.7,10.3,,,,,,5.3,2.8,17.0,8.8,17.2,17.6,18.3,18.3,19.9,21.0,21.6,20.5,18.0,2.4,3.4,6.2,
2016-11,108.0,6.8,2.8,845.3,11.6,1265.5,,,,,2.8,1.0,7.7,223.0,1402.6,4.6,228.0,1275.2,2.2,1914.6,189.0,-1.8,37.5,1299.9,56.8,6.2,1012.6,1026.3,1087.4,1020.2,1215.0,1023.2,10.2,5.8,1173.3,1.4,7.8,0.8,1425.0,0.8,1425.0,0.9,4.7,3.7,7.2,-0.2,8.3,9.0,10.0,10.9,12.1,14.9,17.2,19.4,18.3,1.6,2.3,1.3,
2016-12,108.0,1.2,-2.7,1107.1,5.8,1273.5,,,,,5.1,4.4,7.5,182.3,1241.4,4.5,208.4,1298.8,2.2,1925.0,159.4,-6.4,40.1,1437.6,59.2,4.2,1014.2,1028.5,1224.6,1021.6,1100.1,1025.0,9.6,5.4,1193.5,1.3,6.6,0.8,297.5,0.8,297.5,0.8,4.7,3.5,1.6,-5.6,2.7,3.3,4.3,5.2,6.1,9.2,12.3,17.1,17.9,1.1,1.6,5.1,1.1
2017-01,108.0,-1.8,-5.8,1168.5,2.9,1243.4,,,,,3.3,1.1,8.3,233.5,1322.7,4.8,244.2,1509.1,2.3,1985.3,182.3,-10.3,35.1,1270.8,54.6,3.2,1014.7,1028.9,1175.9,1022.1,1188.8,1025.6,9.9,6.7,1206.5,1.5,8.3,1.9,1169.2,2.7,541.6,2.0,3.5,2.3,-0.7,-9.6,0.2,0.8,1.7,2.5,3.4,6.1,8.9,14.5,16.9,1.2,1.7,1.2,
2017-02,108.0,-0.2,-4.8,1096.3,4.8,1322.2,,,,,6.5,1.8,8.4,249.6,1420.0,5.0,253.9,1352.8,2.4,2117.4,241.1,-9.2,30.3,1334.9,53.7,3.3,1012.6,1027.1,1111.2,1019.9,1241.7,1023.5,10.8,7.5,1185.7,1.8,11.1,,,0.8,1.0,,2.8,2.0,1.0,-8.6,0.6,0.5,1.1,1.5,2.0,4.2,6.7,12.4,15.7,1.6,2.3,1.8,0.4
2017-03,108.0,6.3,1.7,849.3,12.3,1404.5,,,,,3.5,1.0,9.1,262.3,1560.1,5.4,264.2,1533.3,2.4,2048.4,226.1,-4.9,25.1,1402.8,48.1,4.5,1009.0,1022.0,1158.5,1017.1,1441.3,1019.6,12.0,8.2,1203.2,2.2,14.4,,,,,,3.9,1.8,8.1,-2.7,7.1,6.9,6.8,6.7,6.5,6.6,7.5,11.0,14.4,2.6,3.8,1.0,
2017-04,108.0,13.9,9.1,824.0,20.0,1351.9,1.0,1080.7,2.4,1218.1,4.6,6.2,9.9,225.0,1360.8,5.8,232.3,1368.1,2.6,2205.3,212.3,2.8,27.7,1275.8,52.4,8.0,1002.6,1015.9,1208.7,1009.9,1322.2,1012.8,13.2,8.7,1190.0,2.5,17.5,,,,,,4.4,2.3,16.9,5.2,14.7,14.1,13.5,13.2,12.8,11.5,11.0,11.3,13.5,3.9,5.5,6.2,3.0
2017-05,108.0,19.5,14.4,752.4,25.4,1437.5,0.9,1332.5,1.8,1302.8,3.1,2.3,9.0,249.0,1525.6,5.5,255.5,1552.4,2.4,2100.3,251.0,8.3,30.4,1406.2,52.3,11.4,1002.0,1014.3,1002.0,1009.6,1373.1,1012.0,14.2,9.7,1200.0,2.7,20.8,,,,,,3.9,2.0,25.0,10.3,21.3,20.7,19.6,19.0,18.8,16.6,15.1,12.7,13.3,4.9,6.9,2.7,
2017-06,108.0,23.3,18.7,714.7,28.8,1452.6,1.0,839.2,2.8,798.2,4.3,5.1,8.6,247.3,1579.6,5.1,248.0,1618.0,2.4,2055.1,220.3,13.1,33.5,1462.1,56.6,15.7,998.4,1010.4,1162.1,1006.1,1395.9,1008.2,14.7,9.5,1216.7,2.7,20.8,,,,,,4.7,2.9,28.6,15.8,25.6,25.0,24.1,23.4,23.2,20.8,18.9,14.7,13.7,5.0,7.2,5.6,
2017-07,108.0,26.9,24.3,855.3,30.4,1324.0,4.4,1041.1,11.7,986.8,7.7,27.0,7.8,191.9,1414.8,4.5,206.1,1476.6,2.0,1732.1,191.9,22.2,59.7,1288.7,77.2,26.9,997.5,1009.0,1134.6,1005.4,1262.7,1007.2,14.5,4.0,1225.8,1.8,12.1,,,,,,7.9,5.5,28.3,23.1,27.6,27.4,26.5,26.5,26.4,24.7,23.4,18.7,15.2,2.8,4.0,27.1,1.8
2017-08,108.0,25.9,22.9,884.4,29.7,1413.5,2.3,993.3,5.9,1257.6,7.1,15.6,7.9,159.4,1313.3,4.5,179.4,1313.3,2.3,1950.5,129.7,19.7,50.8,1300.9,70.8,23.7,997.7,1009.4,1052.9,1005.4,1218.1,1007.4,13.6,5.4,1238.7,1.9,13.3,,,,,,7.0,4.4,27.7,21.2,26.9,27.0,26.2,26.6,26.7,25.8,24.9,20.8,16.8,3.1,4.5,14.8,
2017-09,108.0,22.1,17.5,727.2,27.4,1450.1,1.0,1273.2,2.1,1197.4,4.8,3.9,7.4,181.7,1438.2,4.2,219.3,1523.2,2.0,1713.6,136.3,13.6,39.1,1409.0,60.9,16.0,1003.1,1015.0,1215.6,1010.7,1249.7,1013.0,12.4,8.1,1165.5,2.2,14.8,,,,,,4.2,2.2,24.2,14.5,23.5,23.6,23.1,23.5,23.6,23.7,23.6,21.2,18.0,3.6,5.1,3.9,
2017-10,108.0,16.4,11.6,902.3,22.5,1333.4,0.5,483.0,1.1,1176.8,5.1,3.3,7.7,204.0,1427.1,4.3,219.3,1408.5,1.9,1670.1,149.7,7.0,33.7,1418.6,56.3,10.7,1010.7,1023.3,1044.7,1018.4,1362.3,1020.9,11.2,7.4,1153.3,1.3,7.8,,,,,,4.5,2.5,16.8,7.5,17.7,18.2,18.4,18.9,19.5,20.9,21.6,20.8,18.5,2.1,3.1,4.4,
2017-11,108.0,5.6,1.3,1174.5,10.5,1339.3,,,,,2.7,2.9,8.2,232.7,1280.3,4.5,253.3,1201.1,2.1,1791.3,182.3,-3.9,32.2,1337.7,53.4,5.4,1012.4,1025.9,1113.1,1020.1,1176.0,1023.0,10.2,6.1,1174.1,1.1,5.6,1.5,2355.0,1.5,1292.5,1.5,4.2,3.3,5.4,-4.4,7.5,8.6,9.7,10.6,11.8,15.2,17.6,19.6,18.6,1.4,2.0,2.9,5.5
2017-12,108.0,-1.9,-5.7,1138.9,2.2,1242.9,,,,,4.7,2.5,7.8,258.7,1339.6,4.0,284.0,1370.0,1.8,1537.8,233.8,-10.3,33.2,1319.5,55.9,3.3,1015.1,1028.7,1048.3,1023.6,1316.9,1026.0,9.6,5.7,1200.0,0.9,4.9,1.8,1548.3,1.9,985.6,1.8,3.9,3.1,-1.5,-9.8,0.0,0.8,1.9,2.8,4.4,8.2,11.6,17.1,18.1,0.9,1.2,2.3,3.2
2018-01,108.0,-4.0,-7.3,1165.2,0.1,1381.0,,,,,3.7,0.8,7.8,262.3,1260.1,4.2,287.1,1344.6,1.9,1618.4,257.7,-13.9,28.9,1310.9,48.0,2.5,1013.5,1027.3,1208.2,1021.8,1184.3,1024.6,9.9,6.4,1169.0,1.0,5.5,1.2,1535.8,1.2,572.2,1.2,4.3,2.7,-2.8,-11.7,-1.6,-0.9,0.1,0.8,2.0,4.9,7.8,14.1,17.0,0.9,1.3,0.8,
2018-02,108.0,-1.6,-5.9,934.5,3.3,1414.8,,,,,3.6,4.9,8.6,265.7,1476.7,4.5,286.4,1460.6,2.2,1879.2,252.1,-13.0,24.4,1408.0,44.9,2.6,1012.8,1026.3,974.1,1021.3,1491.9,1023.8,10.8,7.2,1210.7,2.0,11.5,1.5,1013.3,1.6,760.2,1.5,3.9,2.2,-1.1,-11.8,-1.0,-1.0,-0.7,-0.4,0.6,3.1,5.7,11.9,15.6,1.6,2.3,6.0,
2018-03,108.0,8.1,3.8,966.7,13.6,1392.8,,,,,8.6,5.0,8.4,231.6,1368.5,4.2,245.2,1441.8,1.9,1658.4,215.5,-0.3,33.7,1392.7,59.2,6.6,1009.9,1023.5,1041.5,1017.3,1163.1,1020.3,12.0,6.7,1209.7,2.3,14.4,,,,,,5.2,4.1,8.4,-0.4,8.1,7.5,6.8,6.3,6.0,5.6,6.4,10.4,14.2,2.4,3.5,4.9,5.7
2018-04,108.0,13.0,8.1,849.6,18.5,1277.5,1.2,930.3,3.6,930.2,9.4,11.8,8.7,264.7,1495.8,4.5,247.7,1484.7,2.0,1726.2,215.0,2.6,29.8,1276.0,54.6,8.0,1005.4,1018.3,1253.8,1012.9,1245.7,1015.6,13.2,7.4,1206.7,2.5,17.1,,,,,,4.7,3.3,14.5,3.2,13.6,13.3,12.8,12.4,12.3,11.2,10.7,10.8,13.2,3.5,5.0,10.9,1.9
2018-05,108.0,18.2,13.4,882.5,23.3,1280.2,2.4,998.8,5.8,998.5,9.4,15.9,8.3,234.5,1435.3,4.2,243.5,1396.4,1.7,1487.7,220.3,10.1,40.9,1302.6,63.4,13.1,1001.3,1014.1,1118.4,1008.9,1440.1,1011.2,14.2,7.5,1212.9,2.5,18.1,,,,,,5.4,3.5,21.1,10.1,19.7,19.3,18.7,18.1,17.7,15.9,14.7,12.6,13.0,3.6,5.1,17.1,1.0
2018-06,108.0,23.1,18.9,594.0,28.4,1428.9,3.3,991.3,7.7,692.5,6.4,14.3,7.6,245.3,1409.0,4.0,269.3,1472.5,1.7,1456.6,226.3,14.9,39.5,1347.9,63.0,17.3,997.8,1009.8,972.5,1005.5,1259.3,1007.6,14.7,7.9,1183.3,2.8,20.1,,,,,,5.9,3.0,27.9,15.2,25.4,24.9,24.0,23.3,22.8,20.6,18.8,14.7,13.5,4.3,6.1,17.5,1.0
2018-07,108.0,27.8,24.2,729.3,32.1,1437.6,3.3,971.8,7.4,985.6,9.0,18.6,6.8,212.3,1491.0,3.3,233.2,1539.4,1.5,1260.8,199.0,20.6,49.3,1383.4,67.5,24.6,998.9,1010.2,870.9,1006.8,1437.0,1008.5,14.5,7.6,1206.5,2.4,18.1,,,,,,5.1,3.7,31.3,21.4,28.7,28.1,27.2,26.5,26.1,23.9,22.3,17.9,14.8,4.0,5.8,15.2,
2018-08,108.0,28.8,25.2,931.4,33.3,1450.7,3.4,1250.8,6.2,947.2,6.4,12.7,8.1,213.5,1417.7,4.0,239.0,1514.1,1.7,1450.7,186.1,20.8,45.2,1390.6,64.7,24.9,997.4,1009.0,1040.3,1004.7,1366.4,1007.0,13.6,7.5,1193.5,2.5,16.7,,,,,,5.8,3.7,31.8,22.3,30.2,29.9,29.1,28.7,28.4,26.7,25.1,19.7,15.9,3.9,5.6,12.7,
2018-09,108.0,21.5,17.6,862.7,26.0,1408.7,1.2,1166.6,3.2,1154.4,5.7,5.7,7.5,177.0,1429.4,3.4,188.3,1368.7,1.6,1347.4,153.7,12.9,38.9,1354.7,60.7,15.4,1003.3,1015.5,1142.6,1011.1,1273.9,1013.2,12.4,7.3,1196.7,2.4,15.7,,,,,,5.1,3.0,23.5,14.3,23.1,23.4,23.4,23.6,24.0,24.3,24.2,21.2,17.3,3.4,4.8,6.2,
2018-10,108.0,13.1,8.5,1071.1,18.6,1372.6,1.2,911.3,3.8,875.8,4.9,11.0,7.6,246.8,1440.6,3.8,245.5,1489.7,1.5,1329.9,204.2,4.6,34.4,1236.4,59.3,8.9,1008.6,1021.7,1367.4,1016.1,1026.1,1018.9,11.2,7.8,1180.6,2.1,13.0,,,,,,3.7,2.0,14.0,4.1,14.6,15.4,16.1,16.7,17.6,19.6,20.8,20.7,18.2,2.5,3.5,9.3,
2018-11,108.0,7.8,3.6,840.9,13.2,1423.3,,,,,5.7,8.8,6.6,254.3,1440.1,3.5,272.7,1395.0,1.4,1209.2,195.3,-1.0,32.7,1303.9,57.5,6.3,1013.1,1025.8,1144.0,1021.5,1250.8,1023.7,10.2,5.9,1156.7,1.6,8.8,8.8,955.0,4.0,319.0,8.8,4.0,2.4,7.1,-0.3,8.3,9.1,9.9,10.6,11.7,14.4,16.4,18.9,18.4,1.7,2.4,7.9,0.8
2018-12,108.0,-0.6,-4.7,1035.2,4.1,1329.2,,,,,6.2,2.7,7.5,261.3,1248.7,3.9,284.2,1496.5,1.8,1561.1,211.9,-11.6,26.5,1321.7,45.8,3.1,1016.8,1030.5,1200.1,1025.2,1186.9,1027.8,9.6,6.4,1180.6,1.5,8.2,1.0,992.5,1.0,992.5,1.0,3.8,2.3,0.0,-8.8,0.8,1.7,2.8,3.7,5.1,8.5,11.4,16.4,17.6,1.3,1.8,1.8,2.0
2019-01,108.0,-0.9,-5.1,1044.6,4.1,1374.9,,,,,2.4,0.0,7.6,276.1,1296.9,4.2,288.4,1381.7,1.8,1572.4,243.5,-12.0,25.7,1393.4,45.6,2.7,1015.4,1029.1,1175.6,1023.9,1480.1,1026.4,9.9,6.9,1209.7,1.6,9.2,,,,,,3.1,1.9,-0.5,-11.1,-0.7,-0.4,0.1,0.7,1.8,4.8,7.6,13.5,16.5,1.4,2.0,0.0,
2019-02,108.0,1.0,-3.2,746.0,6.0,1470.0,,,,,6.8,2.6,7.8,250.0,1387.2,4.1,265.0,1349.5,1.8,1601.0,232.5,-10.1,26.0,1296.9,47.3,3.2,1013.7,1027.2,882.2,1021.6,1292.0,1024.5,10.8,6.8,1228.6,1.9,11.4,1.2,1080.0,1.0,720.3,1.3,4.8,2.7,1.6,-7.8,1.2,1.3,1.5,1.7,1.9,3.9,6.1,11.5,15.1,1.8,2.5,2.4,1.1
2019-03,108.0,7.1,2.7,845.8,12.4,1457.8,,,,,4.5,2.7,8.8,261.0,1539.2,4.7,270.6,1564.2,2.1,1794.8,241.0,-3.4,25.8,1416.5,51.3,5.1,1006.6,1020.5,980.8,1014.0,1071.2,1017.1,12.0,6.6,1219.4,2.1,13.5,,,,,,4.7,3.2,8.2,-2.6,7.1,7.2,7.0,6.8,6.9,6.8,7.5,10.5,13.9,2.5,3.5,3.0,1.4
2019-04,108.0,12.1,7.2,876.4,17.6,1452.2,0.4,644.9,1.2,836.0,6.3,3.6,8.9,216.7,1446.7,4.5,232.0,1474.1,1.9,1617.9,227.7,0.7,27.4,1434.1,50.9,7.2,1004.8,1017.9,996.1,1012.5,1313.2,1015.1,13.2,7.4,1193.3,2.5,16.7,,,,,,4.9,2.9,14.0,1.6,12.6,12.3,11.8,11.4,11.2,10.3,10.1,10.8,13.1,3.4,4.9,3.9,
2019-05,108.0,19.4,13.7,785.1,25.6,1329.7,0.6,850.0,1.7,849.0,5.6,5.4,9.0,246.8,1505.3,4.6,253.9,1501.4,2.1,1777.7,243.2,6.4,24.8,1308.0,46.5,10.2,1001.6,1013.6,1051.7,1009.2,1402.4,1011.5,14.2,10.1,1196.8,2.9,22.6,,,,,,3.8,1.2,24.3,8.2,20.9,20.2,19.2,18.3,17.8,15.6,14.2,12.1,12.9,5.2,7.4,5.4,
2019-06,108.0,22.5,18.1,684.0,27.7,1507.0,1.1,937.4,2.3,883.9,4.8,5.3,7.8,224.0,1597.5,4.0,246.0,1609.0,1.7,1505.2,192.7,13.8,38.6,1451.9,60.6,16.1,997.2,1009.3,889.4,1004.6,1342.0,1007.0,14.7,7.8,1193.3,2.7,19.6,,,,,,5.4,3.4,26.5,14.2,24.4,23.9,23.2,22.4,22.0,19.8,18.1,14.2,13.3,4.2,6.0,6.2,
2019-07,108.0,25.9,22.7,705.6,30.1,1218.4,2.1,1005.7,4.3,954.5,7.1,10.2,8.0,203.9,1476.3,3.9,215.5,1512.5,1.8,1581.6,177.7,19.1,50.0,1270.2,69.1,22.6,996.2,1007.9,1225.5,1004.1,1132.1,1005.9,14.5,4.8,1235.5,2.1,13.8,,,,,,7.2,5.3,28.4,20.2,27.0,26.5,25.8,25.2,25.0,22.9,21.1,16.4,14.2,3.3,4.7,11.6,
2019-08,108.0,27.2,23.6,696.6,31.6,1468.5,2.6,1413.5,7.0,1068.9,4.8,12.7,7.5,216.1,1440.8,3.8,239.4,1544.5,1.6,1369.7,180.6,20.4,44.6,1358.5,68.5,24.2,996.9,1008.6,1050.0,1004.6,1165.1,1006.6,13.6,8.0,1283.3,2.4,16.8,,,,,,5.6,3.5,28.9,21.0,28.0,27.8,27.2,27.0,26.8,25.2,23.8,18.9,15.3,3.6,5.2,9.7,
2019-09,108.0,22.6,19.0,835.4,27.1,1359.5,1.4,1518.0,3.3,1276.2,7.5,10.8,8.0,221.7,1315.1,4.3,245.3,1422.5,2.2,1885.2,320.3,15.1,44.1,1310.4,65.3,17.8,1004.7,1016.7,1160.7,1012.3,1257.1,1014.6,12.4,5.6,1120.0,2.1,12.9,,,,,,6.6,3.9,24.0,15.4,23.5,23.8,23.6,23.8,24.1,23.9,23.6,20.6,16.7,3.1,4.4,10.8,
2019-10,108.0,16.4,11.8,1026.5,21.8,1368.2,0.7,814.4,2.0,268.2,6.8,7.9,8.0,211.9,1386.4,4.4,233.2,1413.5,2.1,1841.4,276.8,8.5,38.9,1333.6,62.2,11.7,1008.8,1021.3,981.7,1016.7,1163.6,1018.9,11.3,7.6,1161.3,2.1,12.8,,,,,,4.2,2.6,17.1,7.0,17.5,18.1,18.4,19.8,19.7,20.8,21.4,20.2,17.7,2.7,3.9,6.9,
2019-11,108.0,7.6,3.1,966.9,12.9,1423.0,,,,,6.7,9.8,7.7,245.0,1235.2,4.5,238.3,1363.5,2.2,1868.6,182.7,-1.5,33.1,1308.3,55.9,6.1,1012.2,1025.7,1135.3,1019.6,1115.8,1022.7,10.2,6.8,1156.7,1.7,9.5,,,,,,4.1,2.3,7.6,-1.1,8.9,9.8,10.6,11.6,12.3,15.1,17.2,19.0,17.9,1.9,2.7,9.9,5.3
2019-12,108.0,1.4,-2.6,1100.5,5.3,1325.8,,,,,4.0,1.2,7.6,231.9,1210.7,4.4,222.9,1095.3,2.1,1840.2,182.9,-6.5,37.1,1170.4,57.8,4.2,1014.9,1029.0,1101.7,1022.5,1176.3,1025.8,9.6,5.3,1193.5,1.4,7.2,0.0,,0.0,,0.0,4.4,3.4,1.6,-6.5,2.5,3.3,4.1,5.0,5.8,9.0,11.8,16.7,17.5,1.2,1.7,1.2,0.7
2020-01,108.0,1.6,-1.7,817.2,5.9,1421.3,,,,,8.6,7.6,7.6,226.1,1460.6,4.4,238.7,1534.7,2.1,1810.3,199.0,-6.9,36.1,1374.5,55.5,3.9,1012.8,1026.5,1076.8,1020.7,1302.1,1023.6,9.9,5.7,1216.1,1.5,8.1,0.2,955.0,0.2,955.0,0.2,4.8,2.8,1.0,-6.3,1.4,1.8,2.4,3.0,3.4,5.8,8.2,14.0,16.4,1.4,2.0,8.6,
2020-02,108.0,2.5,-1.3,947.7,7.2,1390.6,,,,,6.8,3.3,8.1,255.5,1354.3,4.7,253.1,1410.9,2.3,1986.4,199.3,-5.6,34.9,1396.8,58.0,4.6,1014.0,1027.7,1190.0,1021.8,1161.9,1024.8,10.8,6.4,1244.8,1.8,10.8,2.8,1281.7,2.6,769.4,2.9,4.7,3.6,3.1,-5.6,3.3,3.7,3.9,4.4,4.5,5.7,7.4,12.2,15.1,1.6,2.3,3.5,0.8
2020-03,108.0,7.7,2.6,932.5,13.3,1376.4,,,,,4.8,2.0,9.2,272.9,1519.1,5.2,274.5,1499.5,2.5,2180.5,246.8,-4.4,23.7,1285.3,46.3,4.8,1007.1,1020.9,1090.0,1014.6,1364.3,1017.6,12.0,8.5,1196.8,2.6,16.6,,,,,,3.4,2.0,8.9,-3.1,8.3,8.3,8.1,8.4,8.0,7.9,8.5,11.3,14.0,3.2,4.6,2.0,
2020-04,108.0,11.1,6.3,850.3,16.6,1378.7,1.0,1579.5,1.7,1475.0,5.8,4.2,10.8,244.7,1492.4,6.0,252.7,1515.8,3.0,2587.2,248.7,-0.1,28.9,1386.0,50.0,6.6,1006.7,1019.8,1082.9,1014.6,1309.3,1017.0,13.2,9.4,1186.7,2.9,21.3,,,,,,3.1,1.7,15.4,0.7,12.8,12.8,12.8,12.6,12.2,11.7,11.5,11.8,13.5,4.2,6.0,3.4,
2020-05,108.0,18.0,13.7,894.7,23.3,1449.7,1.3,1298.0,2.9,1195.4,5.7,5.9,8.9,221.0,1246.5,4.9,240.3,1290.9,2.4,2043.4,218.7,10.9,44.7,1404.8,67.3,13.5,1000.1,1013.1,964.5,1007.4,1300.2,1010.1,14.2,5.7,1225.8,2.8,18.2,,,,,,6.3,4.3,21.4,10.1,19.4,18.9,19.3,18.3,17.6,15.8,14.7,13.4,13.4,3.7,5.2,6.3,
2020-06,108.0,23.9,19.9,766.6,29.0,1424.5,0.9,281.7,3.0,279.4,6.0,9.3,8.4,240.3,1434.0,4.9,258.7,1552.4,2.3,2003.0,259.7,16.9,45.3,1415.0,67.4,19.4,996.2,1008.4,1113.8,1003.6,1393.0,1005.9,14.7,6.9,1196.7,2.8,20.1,,,,,,5.9,3.4,28.7,16.5,25.6,24.8,25.4,24.1,23.3,20.8,18.9,15.0,13.7,4.4,6.3,10.7,
2020-07,108.0,24.1,21.1,922.6,28.0,1353.2,1.4,1027.9,4.2,946.8,7.6,12.3,8.2,158.4,1406.8,4.6,164.5,1463.6,2.4,2057.3,141.9,19.4,60.1,1227.7,76.3,22.7,996.9,1008.8,1172.3,1004.5,1170.7,1006.7,14.5,3.9,1277.4,2.3,15.0,,,,,,7.5,5.0,25.8,18.8,25.4,24.8,24.8,24.4,24.1,22.9,21.9,17.7,14.6,3.1,4.5,12.4,
2020-08,108.0,26.5,24.4,868.8,29.3,1464.8,5.5,1196.4,13.0,1082.6,11.3,32.2,9.3,194.8,1301.5,5.0,202.6,1271.0,2.3,1996.3,161.0,23.6,72.5,1378.1,85.1,29.2,998.6,1010.4,1108.7,1006.1,1211.7,1008.3,13.6,2.4,1219.4,1.8,10.5,,,,,,8.1,6.2,27.0,22.3,27.2,26.6,26.4,26.3,26.1,25.0,24.3,21.3,16.8,2.2,3.2,30.6,
2020-09,108.0,21.4,18.0,943.9,25.6,1412.0,2.2,1312.8,5.7,1351.8,7.8,13.0,9.0,178.0,1348.2,4.9,184.3,1376.2,2.5,2131.4,119.7,15.4,51.3,1350.4,70.8,17.9,1001.9,1014.6,1117.7,1008.7,1307.8,1011.8,12.4,5.8,1160.0,2.4,15.1,,,,,,5.8,3.4,22.4,14.4,23.0,22.6,22.9,23.5,23.7,24.4,24.4,22.0,17.8,3.2,4.5,13.0,
2020-10,108.0,14.3,9.6,956.8,19.5,1417.4,0.0,,0.0,,1.7,0.0,7.8,235.8,1285.8,4.4,220.3,1293.0,2.1,1838.5,148.4,6.1,38.1,1385.4,60.4,10.0,1010.5,1022.9,1341.8,1018.6,1279.3,1020.7,11.2,7.3,1180.6,2.3,13.8,,,,,,3.7,1.5,14.4,4.9,16.2,16.0,16.6,17.5,18.3,20.4,21.4,21.2,18.4,2.8,4.0,0.3,
2020-11,108.0,8.0,4.0,1019.8,12.6,1164.7,,,,,4.8,10.9,7.8,221.7,1240.5,4.5,232.0,1191.1,2.2,1945.9,177.0,1.0,43.3,1335.1,63.7,7.4,1014.5,1027.6,1270.9,1022.7,1136.2,1025.1,10.2,5.7,1200.0,1.7,9.4,,,,,,4.1,2.9,8.1,0.7,9.8,9.6,10.3,11.4,12.5,15.4,17.4,19.7,18.5,1.7,2.4,13.2,
2020-12,108.0,-0.4,-4.2,1041.9,3.9,1255.2,,,,,3.2,0.5,8.0,272.9,1426.0,4.6,268.1,1396.2,2.2,1936.8,185.5,-8.0,38.4,1310.5,57.8,3.7,1015.9,1029.1,926.3,1024.7,1332.1,1026.8,9.6,6.6,1212.9,1.7,8.9,1.7,727.5,1.3,243.2,1.8,3.3,2.2,-0.4,-7.7,1.7,1.4,2.1,3.3,4.9,9.0,12.2,17.4,18.0,1.2,1.8,0.6,
2021-01,108.0,-2.4,-6.8,893.0,2.2,1255.1,,,,,4.4,1.5,8.9,187.7,1263.8,5.1,201.3,1160.2,2.5,2149.3,171.3,-10.2,38.5,1315.2,57.5,3.4,1013.9,1028.2,1044.3,1021.6,1314.0,1024.9,9.9,5.9,1213.3,1.7,9.0,1.8,1521.7,1.8,702.8,1.8,3.9,2.6,-2.0,-9.8,-0.6,-1.1,-0.8,0.1,1.5,5.1,8.1,14.6,16.9,1.2,1.7,1.5,2.4
2021-02,108.0,2.7,-2.2,871.4,7.9,1382.3,,,,,3.0,0.9,9.0,220.0,1312.7,5.1,220.0,1320.5,2.6,2232.3,171.1,-6.0,35.4,1477.6,55.4,4.4,1010.7,1024.7,1089.1,1018.3,1276.1,1021.5,10.8,6.5,1217.9,2.1,12.4,1.4,1246.7,2.0,623.8,1.4,4.0,2.5,2.3,-4.9,2.2,1.6,1.7,2.3,2.9,4.6,6.7,12.4,15.6,1.9,2.7,2.8,0.7
2021-03,108.0,9.0,4.3,1061.5,14.8,1320.1,,,,,7.4,11.1,8.5,205.5,1339.6,4.9,212.9,1416.1,2.4,2061.8,163.9,1.5,37.2,1427.1,62.8,7.0,1009.2,1022.5,1217.0,1016.6,1385.0,1019.7,12.0,6.9,1200.0,2.3,15.4,1.2,2350.0,2.3,1175.5,1.2,4.7,2.6,9.7,0.7,9.4,8.6,8.4,8.4,8.3,7.9,8.4,11.4,14.4,2.7,3.8,10.5,0.4
2021-04,108.0,14.2,9.5,827.2,19.5,1411.7,1.0,1202.6,3.4,771.0,5.6,9.5,9.7,186.0,1403.0,5.5,196.0,1396.9,2.6,2264.1,153.0,4.1,31.6,1385.9,54.2,8.4,1007.9,1021.1,1170.9,1015.2,1273.6,1018.1,13.2,7.0,1193.3,2.8,18.6,,,,,,4.8,3.0,15.7,4.4,15.1,14.4,14.1,14.0,13.7,12.5,12.0,11.9,13.6,3.8,5.4,9.6,
2021-05,108.0,17.1,12.8,924.9,21.9,1465.5,1.6,958.9,4.0,728.7,7.8,9.6,9.7,200.3,1419.2,5.3,206.8,1340.2,2.4,2077.6,168.4,10.3,45.0,1346.4,68.1,13.0,998.9,1012.2,1088.1,1005.7,1224.6,1008.9,14.2,6.6,1212.9,2.7,18.4,,,,,,5.6,3.3,18.8,8.7,18.8,18.1,17.8,17.7,17.3,16.1,15.2,13.3,13.4,3.6,5.1,8.9,1.4
2021-06,108.0,22.8,18.9,595.0,27.6,1512.8,2.0,1234.6,5.0,1197.2,4.9,6.5,8.7,196.0,1349.6,4.8,198.0,1420.8,2.2,1880.2,135.3,17.2,51.3,1509.9,72.5,19.8,997.7,1009.7,1143.2,1005.4,1333.4,1007.5,14.7,6.2,1223.3,2.6,18.8,,,,,,5.6,3.3,25.2,15.9,24.6,23.8,23.3,23.0,22.2,19.8,18.6,14.6,13.8,3.8,5.4,5.6,
2021-07,108.0,28.1,24.6,655.3,32.2,1427.4,3.4,886.0,7.9,849.6,4.2,12.9,7.7,191.0,1484.8,4.3,192.9,1513.3,2.0,1741.0,119.4,21.9,53.8,1443.8,70.9,26.4,998.1,1009.5,1054.3,1005.7,1471.2,1007.7,14.5,6.3,1193.5,2.7,18.7,,,,,,5.9,3.6,29.7,22.1,29.0,28.2,27.6,27.2,26.3,23.8,22.5,16.8,14.6,4.1,5.9,10.5,
2021-08,108.0,25.9,22.8,920.4,29.7,1392.9,1.9,1384.7,3.9,1196.5,5.5,10.6,8.4,172.9,1568.5,4.5,180.6,1565.4,2.1,1820.6,129.4,20.5,58.3,1319.2,74.2,24.3,998.6,1010.4,1291.5,1006.0,1253.3,1008.2,13.6,4.1,1216.1,2.2,13.8,,,,,,7.0,3.9,28.2,20.3,27.5,27.0,26.8,26.9,26.8,25.5,24.7,18.8,15.8,3.1,4.4,10.6,0.3
2021-09,108.0,22.6,18.8,761.1,26.9,1463.6,1.8,1003.1,5.7,758.5,9.0,14.6,8.4,136.7,1418.7,4.6,144.3,1415.3,2.3,2027.5,83.7,16.6,53.2,1428.6,70.9,19.0,1003.4,1015.7,1165.7,1011.1,1232.5,1013.3,12.4,6.1,1206.7,2.5,15.8,,,,,,5.4,3.1,24.6,15.0,24.0,23.5,23.5,23.7,23.8,23.6,23.8,20.1,17.0,3.4,4.9,14.5,
2021-10,108.0,15.6,11.6,909.8,20.5,1373.6,1.1,1059.2,2.4,912.6,5.2,3.8,8.0,216.1,1397.1,4.5,217.7,1322.0,2.1,1860.4,160.6,9.6,49.6,1353.6,69.7,13.1,1011.0,1023.5,1335.4,1019.0,1055.9,1021.2,11.2,5.4,1187.1,2.0,11.4,,,,,,4.7,3.1,16.7,7.6,17.9,17.6,17.9,18.6,19.5,20.8,22.0,20.0,17.8,2.2,3.2,4.4,
2021-11,108.0,8.2,4.0,952.6,13.1,1313.4,,,,,5.2,5.7,8.3,234.3,1256.6,4.7,225.7,1291.2,2.1,1835.2,178.7,2.2,45.5,1333.7,67.8,7.6,1009.1,1022.3,1209.8,1016.8,1159.8,1019.6,10.2,5.5,1166.7,1.7,9.1,,,,,,4.2,2.7,7.9,-1.2,9.9,9.7,10.1,11.1,12.4,15.0,17.5,18.7,18.1,1.6,2.3,4.8,
2021-12,108.0,0.6,-3.5,1143.1,5.1,1291.9,,,,,2.5,0.6,8.1,233.9,1076.9,4.5,231.9,1144.9,2.3,2022.1,179.0,-6.4,41.6,1355.1,61.5,4.4,1014.4,1028.4,1354.8,1022.2,1069.4,1025.2,9.6,6.0,1180.6,1.6,8.3,1.6,955.0,2.8,716.5,1.9,3.2,2.2,0.8,-7.8,3.0,2.7,3.3,4.3,5.9,9.2,12.4,16.4,17.7,1.2,1.7,0.7,
2022-01,108.0,-2.2,-6.2,1029.7,2.6,1368.1,,,,,3.5,0.5,7.3,233.5,1476.5,4.3,236.1,1414.7,2.2,1912.3,204.2,-10.4,35.3,1353.7,55.2,3.0,1014.3,1027.5,1144.1,1022.9,1339.1,1025.2,9.9,6.7,1183.9,1.7,9.7,1.3,1421.7,1.3,948.1,1.3,3.1,1.9,-1.6,-11.8,-0.5,-0.8,-0.6,0.2,1.8,5.0,8.3,13.8,16.7,1.3,1.8,0.7,
2022-02,108.0,-1.1,-5.4,1118.6,3.8,1435.5,,,,,3.6,0.6,9.6,278.9,1480.5,5.2,278.9,1494.4,2.6,2237.1,230.7,-9.6,35.0,1429.6,54.7,3.3,1014.9,1028.2,1306.2,1023.4,1411.6,1025.9,10.8,7.3,1214.3,2.2,13.4,1.7,1142.5,1.9,762.0,1.7,3.2,1.7,0.8,-10.4,-0.1,-0.6,-0.5,0.0,1.2,3.6,6.5,11.6,15.5,1.7,2.4,0.7,
2022-03,108.0,7.7,3.2,1063.7,12.7,1430.9,,,,,6.6,9.3,9.4,222.6,1490.2,5.2,223.5,1419.4,2.5,2165.0,205.5,0.1,40.7,1281.8,61.9,6.7,1006.8,1020.7,1130.8,1014.1,1242.5,1017.3,12.0,5.6,1203.2,2.2,13.7,0.7,1050.0,0.7,1050.0,0.7,5.2,3.2,8.3,-1.8,6.9,6.3,5.9,6.0,6.2,6.0,7.3,10.4,14.3,2.3,3.3,10.0,0.2
2022-04,108.0,14.8,10.0,836.2,20.6,1371.6,0.3,755.6,0.9,677.5,5.2,2.6,9.7,222.0,1524.5,5.5,216.0,1527.3,2.6,2287.8,190.0,4.8,31.7,1397.4,55.0,9.2,1006.6,1019.4,943.7,1014.1,1443.9,1016.8,13.2,8.2,1186.7,2.9,20.5,,,,,,4.1,2.7,18.1,3.7,15.4,14.6,14.2,13.9,13.7,11.6,11.3,10.8,13.4,4.3,6.1,2.6,
2022-05,108.0,19.1,13.9,879.8,25.0,1437.4,0.3,1712.0,0.6,1687.7,2.3,0.8,9.8,234.5,1487.7,5.5,226.1,1495.7,2.6,2267.6,217.1,9.1,33.0,1409.5,55.3,12.0,1001.9,1014.3,1196.5,1009.6,1386.5,1011.8,14.2,9.8,1180.6,3.3,24.7,,,,,,3.9,2.1,25.2,7.6,21.3,20.4,19.9,19.5,19.5,16.8,15.7,12.6,13.2,5.3,7.6,0.8,
2022-06,108.0,23.3,19.8,859.1,27.5,1422.7,3.0,856.8,7.2,828.8,8.6,24.6,9.0,171.3,1272.5,4.8,198.3,1390.2,2.5,2192.5,151.0,17.7,56.6,1283.1,73.4,20.9,997.0,1009.3,1212.9,1004.4,1208.3,1006.8,14.7,4.4,1190.0,2.2,14.7,,,,,,6.9,5.0,25.8,16.7,24.2,23.7,23.3,23.0,23.0,20.6,19.4,14.7,13.7,3.3,4.7,20.7,
2022-07,108.0,27.3,24.2,780.5,31.0,1417.0,3.0,1402.6,6.5,1123.8,5.4,13.3,7.6,212.3,1317.2,4.3,219.4,1437.9,2.1,1820.6,165.8,22.7,60.1,1324.2,77.2,27.7,995.6,1007.2,1123.5,1003.4,1358.0,1005.2,14.5,4.5,1261.3,2.4,16.4,,,,,,6.9,4.7,29.1,22.1,28.0,27.6,26.9,26.6,26.5,24.2,23.3,18.3,15.0,3.6,5.1,15.7,
2022-08,108.0,25.7,23.1,824.4,28.9,1286.9,4.1,919.1,9.3,825.5,7.6,22.6,8.5,208.4,1463.3,4.5,208.4,1257.1,2.3,1976.1,180.3,21.8,64.7,1242.9,80.2,26.6,996.8,1008.4,1233.1,1004.6,1259.3,1006.5,13.6,3.9,1210.0,2.2,13.4,,,,,,7.3,5.3,26.8,20.9,27.1,26.8,26.3,26.5,27.2,26.3,26.1,21.8,17.1,2.8,4.0,22.3,
2022-09,108.0,22.4,18.2,831.2,27.2,1445.9,2.1,1064.8,4.8,1124.7,6.3,20.2,8.2,153.7,1339.9,4.5,155.0,1361.9,2.4,2046.9,91.3,15.6,46.5,1403.4,68.1,18.2,1003.1,1015.3,1063.3,1010.6,1368.7,1012.9,12.4,6.8,1186.7,2.5,16.5,,,,,,5.1,2.3,24.0,13.6,23.1,22.9,22.6,23.0,23.8,23.8,24.5,22.1,18.5,3.5,5.0,25.2,
2022-10,108.0,14.6,10.3,1022.7,19.7,1333.6,2.0,1327.8,4.6,1453.5,9.8,17.7,7.6,205.5,1306.5,4.2,193.9,1249.8,2.2,1858.0,159.0,8.4,45.5,1488.1,68.9,11.6,1011.1,1023.7,1154.5,1019.0,1191.4,1021.4,11.2,7.0,1174.2,2.2,13.6,,,,,,4.2,2.8,15.7,4.7,16.3,16.2,16.5,17.3,18.6,20.2,21.8,21.2,18.9,2.5,3.5,15.5,
2022-11,108.0,10.0,5.6,1043.0,15.4,1219.9,,,,,4.0,9.4,7.6,245.3,1358.8,4.4,235.7,1326.0,2.1,1820.0,159.3,3.1,40.6,1376.4,64.4,8.2,1010.7,1023.8,1225.2,1018.3,1173.1,1021.2,10.2,6.2,1170.0,1.8,10.0,,,,,,3.7,2.4,9.5,-0.8,11.1,11.0,11.3,12.3,13.6,15.7,18.0,19.6,18.9,1.9,2.7,9.4,
2022-12,108.0,-2.8,-6.6,971.2,1.7,1320.7,,,,,4.4,1.0,8.3,250.3,1416.5,4.7,253.2,1369.4,2.3,1982.4,186.5,-10.1,40.6,1230.5,58.9,3.1,1014.0,1027.8,1181.9,1022.5,1140.6,1025.0,9.6,6.4,1200.0,1.7,8.9,1.5,1019.3,1.6,397.0,1.6,3.4,2.4,-1.8,-11.6,0.8,0.8,1.5,3.0,5.2,9.3,13.0,17.4,18.4,1.1,1.6,0.8,
2023-01,108.0,-1.5,-5.7,1091.4,3.2,1297.7,,,,,7.0,3.2,8.0,201.6,1448.7,4.6,191.0,1328.5,2.4,26626.9,170.3,-8.0,42.4,1309.3,63.3,3.8,1013.7,1027.7,1046.5,1021.6,1299.5,1024.6,9.9,6.2,1225.8,1.7,9.4,2.9,1476.7,2.4,738.8,2.9,3.6,2.8,-1.3,-10.5,-0.5,-0.7,-0.5,0.4,2.1,4.9,8.2,14.2,17.3,1.1,1.6,4.0,5.0
2023-02,108.0,2.3,-1.9,1053.1,7.3,1441.4,,,,,4.5,0.2,7.5,229.6,1247.8,4.4,218.2,1257.4,2.3,1968.2,196.8,-5.5,37.8,1413.8,58.9,4.3,1014.8,1028.6,1378.1,1022.9,1210.3,1025.6,10.8,7.1,1221.4,2.1,13.0,,,,,,3.5,1.9,2.0,-8.4,0.7,0.3,0.3,0.8,2.2,4.0,6.8,12.1,16.0,1.8,2.6,0.2,1.2
2023-03,108.0,9.8,4.2,962.0,16.2,1384.9,,,,,3.8,2.6,8.6,257.1,1421.6,4.9,248.1,1384.5,2.3,2031.0,186.1,-0.8,28.0,1455.3,51.2,6.2,1009.4,1022.4,984.0,1017.3,1391.9,1019.8,12.0,7.7,1235.5,2.6,16.8,,,,,,3.4,1.9,9.9,-2.7,8.8,8.3,7.9,7.9,8.0,7.3,8.3,11.0,14.7,3.3,4.7,2.1,
2023-04,108.0,13.8,8.8,1199.0,19.0,1383.5,0.8,1496.0,2.0,1259.2,7.7,6.9,9.5,200.7,1280.5,5.4,207.3,1377.9,2.5,2172.2,168.0,4.6,36.8,1349.4,59.9,9.1,1004.0,1017.4,1159.0,1011.5,1280.1,1014.2,13.2,6.1,1186.7,2.5,16.6,,,,,,5.4,3.9,15.6,2.6,14.1,13.7,13.2,13.2,13.3,11.9,11.9,11.5,13.9,3.4,4.9,6.1,
2023-05,108.0,19.5,14.6,761.9,25.0,1356.8,1.0,767.9,3.0,389.9,8.7,14.1,8.9,206.5,1328.7,4.8,205.5,1399.5,2.3,2028.3,177.4,11.3,39.4,1362.8,62.5,14.0,1002.4,1014.8,999.0,1010.2,1410.5,1012.4,14.2,7.6,1241.9,2.9,20.9,,,,,,5.3,3.1,23.2,9.5,20.2,19.8,19.1,18.8,18.7,16.3,15.5,12.8,13.7,4.4,6.2,14.1,
2023-06,108.0,23.4,19.7,731.2,27.9,1410.8,2.6,1085.8,6.3,970.4,5.0,10.9,8.0,239.0,1331.8,4.6,238.0,1489.2,2.2,1898.6,219.7,17.7,52.5,1425.1,72.4,20.5,996.5,1008.5,1043.5,1004.2,1256.9,1006.2,14.7,6.5,1216.7,2.6,19.1,,,,,,5.7,4.0,26.5,16.6,24.5,24.2,23.3,23.1,23.1,20.7,19.5,14.9,14.1,3.8,5.5,11.5,1.4
2023-07,108.0,26.7,23.9,766.0,30.2,1411.4,5.1,1018.0,10.4,845.4,7.8,23.0,8.7,196.5,1397.5,4.6,213.5,1420.5,2.1,1837.7,160.6,22.9,65.1,1296.0,81.1,28.0,996.9,1008.7,1343.1,1004.4,1192.5,1006.6,14.5,4.7,1225.8,2.3,15.4,,,,,,6.7,4.9,28.2,21.8,27.3,27.0,26.0,25.9,26.3,24.4,23.7,19.0,15.5,3.2,4.6,23.0,1.9
2023-08,108.0,27.2,24.3,942.2,30.8,1303.5,3.1,1304.1,6.8,1263.7,8.9,17.5,8.0,191.3,1506.8,4.5,202.6,1579.4,2.2,1870.2,155.5,22.4,61.2,1331.3,76.4,27.1,995.1,1006.7,1302.9,1002.9,1395.5,1004.8,13.6,5.0,1193.5,2.3,15.2,,,,,,6.5,4.1,29.2,22.0,27.5,27.7,26.8,26.9,27.5,26.1,25.6,20.7,16.9,3.3,4.7,18.6,
2023-09,108.0,23.7,20.2,826.9,27.6,1354.7,1.5,1102.6,5.1,852.2,8.9,10.3,7.0,188.3,1437.2,3.9,173.0,1390.3,2.0,1755.7,138.0,18.2,55.6,1305.8,73.5,21.2,1002.5,1014.1,1163.5,1010.5,1402.6,1012.3,12.4,5.2,1216.7,2.3,14.2,,,,,,6.2,3.9,25.4,16.5,24.5,24.6,24.1,24.4,25.3,25.0,25.2,21.6,18.1,3.0,4.3,8.4,
2023-10,108.0,15.8,11.5,1000.8,21.0,1443.8,1.3,1303.2,3.3,1245.0,3.5,4.4,6.8,205.8,1376.7,3.9,229.7,1369.5,1.9,1630.6,142.3,9.0,44.1,1465.6,66.5,11.8,1008.0,1020.3,1140.9,1016.0,1124.4,1018.1,11.2,6.7,1193.5,2.2,13.4,,,,,,3.7,2.1,16.1,5.8,16.0,16.9,16.9,17.6,19.2,20.5,22.1,21.2,18.9,2.6,3.7,3.1,
2023-11,108.0,6.8,2.8,1200.5,11.5,1289.2,,,,,5.4,7.4,9.2,246.2,1114.0,5.0,239.0,1149.0,2.6,19178.1,174.3,0.2,44.4,1198.7,64.5,7.5,1010.5,1024.4,1022.5,1017.3,1278.5,1021.1,10.2,5.7,1200.0,1.7,9.5,,,,,,3.8,2.9,7.0,-1.8,8.5,8.9,9.4,10.4,12.7,15.5,18.1,19.8,19.1,1.6,2.3,8.2,
2023-12,108.0,1.1,-2.5,1061.7,5.2,1282.5,,,,,10.1,6.1,8.5,192.4,1187.2,4.9,186.6,1161.3,2.4,2102.7,142.8,-4.2,52.7,1300.4,69.3,5.3,1013.5,1027.6,1147.8,1020.9,1090.3,1024.3,9.6,4.7,1210.0,1.4,7.2,3.3,1120.0,3.1,672.4,3.3,4.4,3.6,1.0,-7.8,2.4,2.5,2.9,3.9,5.8,9.0,12.3,17.2,18.6,0.9,1.4,5.4,1.2
2024-01,108.0,-0.5,-3.9,1071.2,3.6,1431.1,,,,,6.3,1.6,7.5,220.6,1318.0,4.5,216.1,1333.4,2.3,2012.9,177.4,-6.3,47.3,1362.5,66.6,4.1,1014.1,1027.4,1166.1,1022.6,1206.3,1025.0,9.9,5.7,1219.4,1.6,9.0,3.4,1477.5,2.9,591.6,3.4,3.9,3.0,-0.2,-8.6,-0.3,-0.2,0.1,0.9,2.5,5.1,8.3,14.3,17.4,1.1,1.6,1.7,0.9
2024-02,108.0,3.8,0.2,953.2,8.2,1322.2,,,,,10.8,5.3,8.5,173.4,1384.2,4.9,172.1,1476.3,2.5,2204.2,132.1,-0.9,53.3,1438.5,72.9,6.0,1013.1,1026.4,1200.0,1021.4,1284.9,1023.8,10.8,3.8,1255.2,1.6,9.0,2.8,1135.7,5.0,974.6,2.9,6.0,4.6,3.3,-4.7,2.3,2.2,2.2,2.6,3.5,4.7,6.9,12.0,16.0,1.3,1.9,5.3,4.6
2024-03,108.0,7.0,2.4,1099.8,12.0,1422.8,,,,,5.5,2.7,9.9,207.9,1444.0,5.5,214.8,1489.6,2.7,2371.9,172.4,-1.8,34.4,1306.0,57.2,5.8,1007.5,1021.4,1229.2,1015.0,1175.3,1018.0,12.0,6.6,1224.1,2.4,15.1,,,,,,4.1,2.7,7.4,-3.6,6.8,6.6,6.4,6.5,6.9,6.7,8.0,10.9,14.7,2.5,3.5,2.1,
2024-04,108.0,16.3,11.5,809.4,22.4,1437.4,0.7,913.8,2.1,984.2,6.2,4.7,8.3,199.7,1485.8,4.8,193.3,1527.5,2.4,2053.5,150.7,6.6,35.1,1356.2,56.2,10.2,1003.5,1016.0,1178.1,1011.1,1379.6,1013.6,13.2,7.0,1203.3,2.8,18.6,,,,,,4.8,2.6,17.9,6.5,15.8,15.5,14.9,14.5,14.0,11.9,11.6,11.3,14.1,3.9,5.6,4.2,
2024-05,108.0,18.5,13.8,908.9,23.7,1373.5,1.1,1320.7,3.3,651.0,9.8,13.9,9.3,230.6,1501.9,5.1,244.8,1508.5,2.4,2101.2,197.4,10.5,40.3,1379.9,63.2,13.1,1002.8,1015.4,1113.5,1010.3,1271.1,1012.8,14.2,8.5,1154.8,2.9,22.2,,,,,,4.2,3.0,22.4,10.6,20.0,19.9,19.2,18.9,18.9,16.7,16.0,13.0,14.6,4.4,6.3,15.6,
2024-06,108.0,24.6,19.9,682.6,30.1,1472.7,3.0,1273.3,7.0,1227.7,6.4,12.9,8.4,222.7,1495.7,4.7,220.3,1494.7,2.2,1921.3,224.3,15.7,40.4,1395.5,60.5,18.2,997.3,1009.5,889.5,1004.7,1339.6,1007.0,14.7,9.5,1223.3,3.1,23.8,,,,,,4.2,2.0,30.0,15.8,25.2,25.6,24.5,24.1,23.9,21.1,19.7,15.0,15.0,5.1,7.4,14.5,
2024-07,108.0,26.6,24.1,835.7,29.6,1280.8,5.0,1132.9,10.0,545.8,6.7,21.4,10.4,183.5,1262.5,5.4,191.0,1262.6,2.5,2184.2,169.4,22.8,66.9,1387.5,81.0,28.0,996.1,1008.0,1188.6,1003.5,1185.5,1005.7,14.5,3.1,1225.8,2.1,13.0,,,,,,7.9,6.4,27.5,22.8,26.1,26.6,25.7,25.5,26.2,24.3,23.6,19.0,16.3,2.8,4.0,20.7,
2024-08,108.0,29.3,26.3,772.9,33.3,1443.3,1.5,1192.1,2.3,1321.8,2.5,3.8,8.0,234.2,1427.0,4.6,231.0,1434.0,2.1,1791.2,142.6,23.6,55.7,1446.5,72.6,29.3,996.7,1007.9,1075.1,1004.5,1521.1,1006.3,13.6,5.8,1187.1,2.5,16.4,,,,,,4.9,3.4,31.2,23.7,27.3,29.0,27.9,27.6,28.7,26.7,25.8,20.6,17.8,3.6,5.2,4.3,
2024-09,108.0,25.5,22.0,822.3,29.8,1320.8,1.6,1230.6,3.8,1133.4,6.6,10.3,7.8,153.3,1364.5,4.4,156.7,1347.1,2.3,1979.9,88.7,19.7,55.8,1314.4,71.8,23.5,1002.5,1014.2,1235.3,1010.1,1359.0,1012.2,12.4,5.6,1206.7,2.4,14.6,,,,,,5.2,4.0,26.2,19.4,25.7,25.7,25.0,25.1,26.8,26.1,25.9,21.6,18.9,3.3,4.7,10.4,
2024-10,108.0,16.7,12.7,870.0,21.4,1409.6,1.0,334.6,2.3,297.5,4.5,5.7,7.1,155.2,1341.1,4.0,175.2,1294.9,2.0,1760.9,88.4,10.6,49.2,1381.4,69.6,13.1,1009.2,1022.3,1154.3,1016.7,1037.9,1019.3,11.2,5.4,1187.1,2.0,11.8,,,,,,4.7,2.8,17.7,7.7,17.5,17.6,17.8,18.5,20.3,21.7,23.1,21.7,19.7,2.4,3.4,6.0,
2024-11,108.0,9.7,5.5,940.4,14.9,1279.1,,,,,5.6,5.0,7.4,211.0,1304.0,4.1,212.3,1305.1,2.0,1731.8,148.3,2.3,43.5,1413.7,62.4,7.9,1010.8,1023.9,1097.7,1018.5,1302.9,1021.3,10.2,6.3,1165.5,1.8,10.1,9.6,1821.7,14.0,1093.4,11.3,4.0,2.5,8.9,-0.3,10.3,10.3,11.1,12.1,14.2,16.7,19.0,20.3,20.0,1.9,2.7,6.0,
2024-12,108.0,0.8,-2.9,1095.6,5.3,1297.3,,,,,1.7,0.4,8.2,271.0,1554.4,4.6,263.9,1470.2,2.2,1871.0,228.4,-7.3,37.6,1387.0,56.2,3.8,1012.2,1025.6,1194.4,1020.5,1274.6,1023.0,9.6,6.7,1177.4,1.8,9.3,1.4,1545.0,2.1,618.6,1.6,2.9,1.9,-0.4,-9.5,1.1,1.0,2.5,3.6,5.5,9.6,12.8,18.3,18.6,1.4,2.0,0.5,
